,Agency,Acronym,Link-href,Address
0,Disabled Persons Protection Commission ,DPPC,https://www.mass.gov/orgs/disabled-persons-protection-commission,"300 Granite St # 404, Braintree, MA 02184, United States"
1,Division of Local Mandates ,DLM,https://www.mass.gov/orgs/division-of-local-mandates,"1 Winter St., 9th Floor, Boston, MA 02108"
2,Office of the Governor,,https://www.mass.gov/orgs/office-of-the-governor,"Massachusetts State House, 24 Beacon St., Office of the Governor, Room 280, Boston, MA 02133"
3,MassVentures,,http://mass-ventures.com/,"308 Congress St 5th floor, Boston, MA 02210, United States"
4,Division of Pipeline Engineering and Safety,,https://www.mass.gov/orgs/pipeline-engineering-and-safety-division,"One South Station, 5th Floor, Boston, MA 02110"
5,Office of Geographic Information ,MassGIS,https://www.mass.gov/orgs/massgis-bureau-of-geographic-information,"1 Ashburton Place, Room 819, Boston, MA 02108"
6,Office of Small Business and Entrepreneurship ,OSBE,https://www.mass.gov/hed/economic/eohed/bd/about/small-business-community-in-massachusetts.html,"1 Ashburton Place, Room 2101, Boston, MA 02108"
7,Statewide Head Injury Program ,SHIP,https://www.mass.gov/mrc-community-based-services,"600 Washington St, Boston, MA 02111, United States"
8,Massachusetts Office for Victim Assistance ,MOVA,https://www.mass.gov/orgs/massachusetts-office-for-victim-assistance,"1 Ashburton Place, Suite 1101, Boston, MA 02108"
9,Mental Health Legal Advisors Committee ,MHLAC,http://www.mhlac.org/,"24 School St #804, Boston, MA 02108, United States"
10,State Publications and Regulations Division,,http://www.sec.state.ma.us/spr/spridx.htm,Address not found
11,Division of Marine Fisheries ,DMF,https://www.mass.gov/orgs/division-of-marine-fisheries,"251 Causeway Street, Suite 400, Boston, MA 02114"
12,Worcester County Sheriff's Office,,http://www.worcestercountysheriff.com/,"5 Paul X Tivnan Dr, West Boylston, MA 01583, United States"
13,Plymouth County District Attorney,,https://www.mass.gov/da/plymouth/,"32 Belmont St, Brockton, MA 02301, United States"
14,Massachusetts Workforce Development Board ,MWDB,https://www.mass.gov/massachusetts-workforce-development-board-mwdb,"1 Ashburton Pl, Boston, MA 02108, United States"
15,Probate and Family Court Department,,https://www.mass.gov/orgs/probate-and-family-court,"3 Center Plaza, Suite 210, Boston, MA 02108"
16,Division of Consumer Protection,,https://www.mass.gov/how-to/file-a-consumer-complaint,"501 Boylston St #5100, Boston, MA 02116, United States"
17,Department of Public Health ,DPH,https://www.mass.gov/orgs/department-of-public-health,"250 Washington Street, Boston, MA 02108"
18,Massachusetts Bay Transportation Authority ,MBTA,http://www.mbta.com/,"10 Park Plaza, Boston, MA 02116, United States"
19,Merrimack Valley Planning Commission ,MVPC,http://www.mvpc.org/,"160 Main St, Haverhill, MA 01830, United States"
20,Massachusetts Commission Against Discrimination ,MCAD,https://www.mass.gov/orgs/massachusetts-commission-against-discrimination,"1 Ashburton Place, Suite 601, Boston, MA 02108"
21,Housing Court Department,,https://www.mass.gov/orgs/housing-court,"Edward W. Brooke Courthouse, 24 New Chardon St., 6th Floor, Boston, MA 02114"
22,Massachusetts Developmental Disabilities Council ,MDDC,https://www.mass.gov/mddc/,"108 Myrtle Street, Suite 202,  , Quincy, MA 02171-1791"
23,Juvenile Court Department,,https://www.mass.gov/orgs/juvenile-court,"1 Center Plaza, 7th Floor, Boston, MA 02108"
24,Superior Court Department,,https://www.mass.gov/orgs/superior-court,"Suffolk County Courthouse, 3 Pemberton Square, 13th Floor, Boston, MA 02108"
25,Unclaimed Property,,https://www.mass.gov/orgs/unclaimed-property-division,"1 Ashburton Place, 12th Floor, Boston, MA 02108"
26,Massachusetts Technology Collaborative ,MassTech,http://www.masstech.org/,"75 North Dr, Westborough, MA 01581, United States"
27,Legislature ,General Court,http://www.malegislature.gov/,"24 Beacon St, Boston, MA 02133, United States"
28,Department of Energy Resources ,DOER,https://www.mass.gov/orgs/massachusetts-department-of-energy-resources-0,"100 Cambridge St., Suite 1020, Boston, MA 02114"
29,Pension Reserves Investment Management Board ,PRIM,https://www.mass.gov/orgs/massachusetts-pension-reserves-investment-management-board,"84 State Street, Suite 250, Boston, MA 02109"
30,Natural Resource Damages Program ,NRD,https://www.mass.gov/massachusetts-natural-resource-damages-program,Address not found
31,Department of Revenue ,DOR,https://www.mass.gov/orgs/massachusetts-department-of-revenue,"100 Cambridge St, Boston, MA 02114, United States"
32,Massachusetts Housing Partnership ,MHP,http://www.mhp.net/,"160 Federal St # 2, Boston, MA 02110, United States"
33,Merit Rating Board ,MRB,https://www.mass.gov/mrb/,"25 Newport Avenue Extension # 2, Quincy, MA 02171, United States"
34,State Reclamation and Mosquito Control Board ,SRMCB,https://www.mass.gov/state-reclamation-and-mosquito-control-board-srmcb,"144 Production Rd Suite C, Walpole, MA 02081, United States"
35,Martha's Vineyard Commission ,MVC,http://www.mvcommission.org/,"33 New York Ave, Oak Bluffs, MA 02557, United States"
36,Division of Water Supply Protection,,https://www.mass.gov/orgs/dcr-division-of-water-supply-protection,"251 Causeway St., Boston, MA 02114"
37,Governor 's Council to Address Sexual Assault and Domestic Violence,,https://www.mass.gov/orgs/governors-council-to-address-sexual-assault-and-domestic-violence,"24 Beacon Street, State House, Room 272, Boston, MA 02133"
38,Division of Ecological Restoration ,DER,https://www.mass.gov/orgs/division-of-ecological-restoration,"251 Causeway Street, Suite 400, Boston, MA 02114"
39,Interagency Council on Housing and Homelessness ,ICHH,https://www.mass.gov/orgs/interagency-council-on-housing-and-homelessness,Address not found
40,Suffolk District Attorney,,http://www.suffolkdistrictattorney.com/,"One Bulfinch Place, Boston, MA 02114"
41,State Universities and Colleges,,http://www.mass.edu/system/campusdirectory.asp,"100 State St, Framingham, MA 01701, United States"
42,Group Insurance Commission ,GIC,https://www.mass.gov/orgs/group-insurance-commission,"19 Staniford St, Boston, MA 02114"
43,State Ethics Commission,,https://www.mass.gov/orgs/state-ethics-commission,"1 Ashburton Place, 6th floor, Room 619, Boston, MA 02108"
44,Division of MassParks,,https://www.mass.gov/visit-massachusetts-state-parks,"251 Causeway St #600, Boston, MA 02114, United States"
45,Operational Services Division ,OSD,https://www.mass.gov/orgs/operational-services-division,"One Ashburton Place, Room 1017, Boston, MA 02108-1552"
46,Massachusetts National Guard,,https://www.mass.gov/guard/,"2 Randolph Road, Building 1505, Hanscom Air Force Base, MA 01731"
47,Office of Employee Relations ,OER,https://www.mass.gov/hr-for-state-employees,"1 Ashburton Place McCormack Building Room 1002, Boston, MA 02108, United States"
48,Juvenile Justice Advisory Committee ,JJAC,https://www.mass.gov/jjac/,"1 Ashburton Place, Suite 2133, Boston, MA 02108"
49,Office of HIV/AIDS,,https://www.mass.gov/hiv,"250 Washington St 3rd floor, Boston, MA 02108, United States"
50,Statewide Employment Services ,SES,https://www.mass.gov/service-details/statewide-employment-services,"600 Washington St, Boston, MA 02111, United States"
51,Massachusetts Export Center,,https://www.mass.gov/export/,"2 Center Plz Suite 200, Boston, MA 02108, United States"
52,Northwestern District Attorney,,https://www.northwesternda.org/,"13 Conway St, Greenfield, MA 01301, United States"
53,Massachusetts Deferred Compensation Plan ,SMARTPlan,https://mass-smart.gwrs.com/login.do,"1 Winter Pl 8th Floor, Boston, MA 02108, United States"
54,Office of the Commissioner of Probation,,https://www.mass.gov/orgs/massachusetts-probation-service,"1 Ashburton Place, Room 405, Boston, MA 02108"
55,Office of Grants and Technical Assistance,,https://www.mass.gov/orgs/eea-office-of-grants-and-technical-assistance,"100 Cambridge Street, Suite 900, Boston, MA 02114"
56,Middlesex Sheriff's Office,,http://www.middlesexsheriff.org/,"400 Mystic Ave, Medford, MA 02155, United States"
57,Massachusetts Environmental Policy Act ,MEPA,https://www.mass.gov/orgs/massachusetts-environmental-policy-act-office,"100 Cambridge St., Suite 900, Boston, MA 02114"
58,Department of State Police,,https://www.mass.gov/orgs/massachusetts-state-police,"470 Worcester Road, Framingham, MA 01702"
59,Massachusetts Commission on the Status of Women ,MCSW,https://www.mass.gov/orgs/massachusetts-commission-on-the-status-of-women-0,"19 Staniford St., 6th Floor, Boston, MA 02114"
60,Pioneer Valley Planning Commission ,PVPC,http://www.pvpc.org/,"60 Congress St, Springfield, MA 01104, United States"
61,MassHousing,,http://www.masshousing.com/portal/server.pt,"1 Beacon St, Boston, MA 02108, United States"
62,Department of Telecommunications and Cable ,DTC,https://www.mass.gov/orgs/department-of-telecommunications-and-cable,"1000 Washington Street, Suite 600, Boston, MA 02118"
63,Massachusetts Bays National Estuary Program ,MassBays,https://www.mass.gov/orgs/massbays-national-estuary-program,"Massachusetts Bay, Massachusetts, USA"
64,"Office of Children, Youth and Families Programs",,https://www.mass.gov/orgs/office-of-children-youth-and-family-programs,"101 Friendship St, Providence, RI 02903, United States"
65,MassHealth,,https://www.mass.gov/masshealth/,"45 Spruce St, Chelsea, MA 02150, United States"
66,Hampshire County Sheriff's Office,,http://www.hampshiresheriffs.com/,"11 Village Hill Rd, Northampton, MA 01060, United States"
67,Department of Environmental Protection ,MassDEP,https://www.mass.gov/orgs/massachusetts-department-of-environmental-protection,"One Winter Street, Boston, MA 02108"
68,Division of Agricultural Markets,,https://www.mass.gov/guides/division-of-agricultural-markets,"251 Causeway St #500, Boston, MA 02114, United States"
69,Massachusetts Environmental Police,,https://www.mass.gov/orgs/massachusetts-environmental-police,"251 Causeway Street, Suite 101, Boston, MA 02114"
70,State Library of Massachusetts,,https://www.mass.gov/orgs/state-library-of-massachusetts,"Massachusetts State House, Room 341, Boston, MA 02133"
71,Division of Professional Licensure ,DPL,https://www.mass.gov/orgs/division-of-professional-licensure,"1000 Washington Street, Suite 710, Boston, MA 02118"
72,Hazardous Materials Division,,https://www.mass.gov/hazardous-materials-technical-rescue-and-special-operations-emergency-responses,"1 Winter Pl # 1, Boston, MA 02108, United States"
73,Department of Labor Relations ,DLR,https://www.mass.gov/orgs/department-of-labor-relations,"19 Staniford Street, 1st Floor, Boston, MA 02114"
74,Massachusetts Commission for the Deaf and Hard of Hearing ,MCDHH,https://www.mass.gov/mcdhh/,"600 Washington Street, Boston, MA 02110-1779"
75,Hampden District Attorney,,http://hampdenda.com/,"50 State St, Springfield, MA 01103, United States"
76,Rail andåÊTransit Division,,http://www.massdot.state.ma.us/Transit/,"10 Park Plaza, Boston, MA 02116"
77,Suffolk County Sheriff's Department,,http://www.scsdma.org/,"200 Nashua St, Boston, MA 02114, United States"
78,Division of Agricultural Conservation and Technical Assistance ,DACTA,https://www.mass.gov/guides/division-of-agricultural-conservation-and-technical-assistance-dacta,"251 Causeway St #500, Boston, MA 02114, United States"
79,Executive Office of Labor and Workforce Development ,EOLWD,https://www.mass.gov/orgs/executive-office-of-labor-and-workforce-development,"One Ashburton Place, Suite 2112, Boston, MA 02108"
80,Office of Diversity and Equal Opportunity ,ODEO,https://www.mass.gov/diversity-and-affirmative-action-programs,"1 Capitol Hl, Providence, RI 02908, United States"
81,Department of Youth Services ,DYS,https://www.mass.gov/orgs/department-of-youth-services,"600 Washington Street, 4th Floor, Boston, MA 02111"
82,Massachusetts Firefighting Academy ,MFA,https://www.mass.gov/massachusetts-firefighting-academy-mfa,"1O0, Grochmal Ave, Indian Orchard, MA 01151, United States"
83,Harbormaster Training Council ,HTC,https://www.mass.gov/harbormaster-training-council,"1 Ashburton Pl #2133, Boston, MA 02108, United States"
84,State 911 Department,,https://www.mass.gov/orgs/state-911-department,"151 Campanelli Drive, Suite A, Middleborough, MA 02346"
85,Executive Office of Housing and Economic Development ,EOHED,https://www.mass.gov/orgs/executive-office-of-housing-and-economic-development,"1 Ashburton Place, Room 2101, Boston, MA 02108"
86,Massachusetts Port Authority ,MassPort,http://www.massport.com/,"33 Boston Fish Pier, Boston, MA 02210, United States"
87,The Steamship Authority,,https://www.steamshipauthority.com/,"1 Cowdry Rd, Woods Hole, MA 02543, United States"
88,Division of Conservation Services ,DCS,https://www.mass.gov/orgs/division-of-conservation-services,"100 Cambridge Street, 9th Floor, Boston, MA 02114"
89,Department of Family and Medical Leave ,DFML,https://www.mass.gov/orgs/department-of-family-and-medical-leave,Address not found
90,Supreme Judicial Court ,SJC,https://www.mass.gov/orgs/supreme-judicial-court,"John Adams Courthouse, 1 Pemberton Square, Suite 2500, Boston, MA 02108"
91,Office of Public Safety and Inspections,,https://www.mass.gov/orgs/office-of-public-safety-and-inspections,"1000 Washington St, Suite 710, Boston, MA 02118"
92,"Massachusetts Commission on Lesbian, Gay, Bisexual, Transgender, Queer and Questioning Youth ",LGBTQ,https://www.mass.gov/orgs/massachusetts-commission-on-lgbtq-youth,"250 Washington St, 4th Floor, Boston, MA 02108"
93,Division of Racing,,http://massgaming.com/the-commission/division-of-racing/,"1511 Pontiac Ave, Cranston, RI 02920, United States"
94,Massachusetts Permit Regulatory Office ,MPRO,https://www.mass.gov/orgs/massachusetts-permit-regulatory-office,"831 Massachusetts Ave # 1, Cambridge, MA 02139, United States"
95,Nantucket Planning & Economic Development Commission ,NP&EDC,http://www.nantucket-ma.gov/306/Planning-Economic-Development-Commission,"2 Fairgrounds Rd, Nantucket, MA 02554, United States"
96,Massachusetts Historical Commission ,MHC,http://www.sec.state.ma.us/mhc/mhcidx.htm,"220 William T Morrissey Boulevard, Boston, MA 02125, United States"
97,Massachusetts School Building Authority ,MSBA,https://www.mass.gov/orgs/massachusetts-school-building-authority,"40 Broad Street, Suite 500, Boston, MA 02109"
98,Division of Insurance ,DOI,https://www.mass.gov/orgs/division-of-insurance,"1000 Washington Street, Suite 810, Boston, MA 02118"
99,Norfolk County Sheriff's Office,,http://www.norfolksheriff.com/,"200 West St, Dedham, MA 02026, United States"
100,State House Tours Division,,http://www.sec.state.ma.us/trs/trsidx.htm,"24 Beacon St, Boston, MA 02133, United States"
101,University of Massachusetts Building Authority ,UMBA,http://www.massachusetts.edu/buildingauthority/bahome.html,"40 Broad St, Boston, MA 02109, United States"
102,Housing Appeals Committee,,https://www.mass.gov/service-details/housing-appeals-committee-hac,"100 Cambridge St #300, Boston, MA 02114, United States"
103,Department of Fire Services ,DFS,https://www.mass.gov/orgs/department-of-fire-services-0,"1 State Road, P. O. Box 1025, Stow, MA 01775"
104,Department of Correction ,DOC,https://www.mass.gov/orgs/massachusetts-department-of-correction,"50 Maple Street, Milford, MA 01757"
105,State Auditor‰Ûªs Office ,OSA,https://www.mass.gov/orgs/office-of-state-auditor-suzanne-m-bump,"Massachusetts State House, Room 230, Boston, MA 02133"
106,Massachusetts Teachers‰Ûª Retirement System ,MTRS,https://www.mass.gov/orgs/massachusetts-teachers-retirement-system-mtrs,"500 Rutherford Ave #210, Boston, MA 02129, United States"
107,Land Court Department,,https://www.mass.gov/orgs/land-court,"3 Pemberton Square, Boston, MA 02108"
108,Department of Industrial Accidents ,DIA,https://www.mass.gov/orgs/department-of-industrial-accidents,"Lafayette City Center, 2 Avenue de Lafayette, Boston, MA 02111-1750"
109,Supplier Diversity Program ,SDP,https://www.mass.gov/amp/,"Cambridge, MA, United States"
110,Montachusett Regional Planning Commission ,MRPC,http://www.mrpc.org/,"464 Abbott Ave, Leominster, MA 01453, United States"
111,Division of Apprentice Standards ,DAS,https://www.mass.gov/orgs/the-division-of-apprentice-standards,"19 Staniford St., 2nd floor, Boston, MA 02114"
112,Executive Office of Health and Human Services ,EOHHS,https://www.mass.gov/orgs/executive-office-of-health-and-human-services,"1 Ashburton Place, Boston, MA 02108"
113,Department of Transitional Assistance ,DTA,https://www.mass.gov/orgs/department-of-transitional-assistance,"1010 Massachusetts Ave, Boston, MA 02118, United States"
114,Registry of Motor Vehicles ,RMV,http://www.massrmv.com/,"PO Box 55889, Boston, MA 02205"
115,Division of Child Support Enforcement ,CSE,https://www.mass.gov/orgs/child-support-enforcement-division,"100 Cambridge St, Boston, MA 02114, United States"
116,Franklin County Sheriff's Office,,http://www.fcso-ma.us/,"160 Elm St, Greenfield, MA 01301, United States"
117,Massachusetts Office of Consumer Affairs and Business Regulation ,OCABR,https://www.mass.gov/orgs/office-of-consumer-affairs-and-business-regulation,"501 Boylston Street, Suite 5100, Boston, MA 02116"
118,Massachusetts Commission for the Blind ,MCB,https://www.mass.gov/orgs/massachusetts-commission-for-the-blind,"600 Washington Street, Boston, MA 02111"
119,Department of Unemployment Assistance ,DUA,https://www.mass.gov/orgs/department-of-unemployment-assistance,"Charles F. Hurley Building, 19 Staniford St., Boston, MA 02114"
120,Massachusetts Archives,,http://www.sec.state.ma.us/arc/arcidx.htm,"220 Morrissey Blvd, Boston, MA 02125, United States"
121,Department of Housing and Community Development ,DHCD,https://www.mass.gov/orgs/department-of-housing-and-community-development,"100 Cambridge St, Suite 300, Boston, MA 02114"
122,Executive Office of Public Safety and Security ,EOPSS,https://www.mass.gov/orgs/executive-office-of-public-safety-and-security-0,"1 Ashburton Place, Suite 2133, Boston, MA 02108"
123,Underground Storage Tank Program ,UST,https://www.mass.gov/service-details/underground-storage-tank-program-ust,"84 New Salem St, Wakefield, MA 01880, United States"
124,Division of Audit Operations,,https://www.mass.gov/audit-reports,"1 Winter Pl # 1, Boston, MA 02108, United States"
125,Executive Office of Energy and Environmental Affairs ,EEA,https://www.mass.gov/orgs/executive-office-of-energy-and-environmental-affairs-0,"100 Cambridge St., Suite 900, Boston, MA 02114"
126,Northern Middlesex Council of Governments ,NMCOG,http://www.nmcog.org/,"40 Church St #200, Lowell, MA 01852, United States"
127,Treasurer and Receiver General,,https://www.mass.gov/orgs/office-of-the-treasurer-and-receiver-general,"State House, Room 227, Boston, MA 02133"
128,Massachusetts Environmental Trust ,MET,https://www.mass.gov/orgs/massachusetts-environmental-trust,"100 Cambridge Street, 9th Floor, Boston, MA 02114"
129,Massachusetts Educational Financing Authority ,MEFA,http://www.mefa.org/,"60 State St #900, Boston, MA 02109, United States"
130,Public Employee Retirement Administration Commission ,PERAC,https://www.mass.gov/orgs/public-employee-retirement-administration-commission,"5 Middlesex Ave # 304, Somerville, MA 02145, United States"
131,Massachusetts Gaming Commission ,MassGaming,https://massgaming.com/,"991 Providence Hwy, Norwood, MA 02062, United States"
132,Massachusetts Office of Business Development ,MOBD,https://www.mass.gov/mobd/,"136 Blackstone Street, 5th floor, Boston, MA 02109"
133,Massachusetts Office of Travel and Tourism ,MOTT,http://www.massvacation.com/,"136 Blackstone St, Boston, MA 02109, United States"
134,Hampden County Sheriff's Department,,http://www.hcsdmass.org/,"627 Randall Rd, Ludlow, MA 01056, United States"
135,Division of Fisheries and Wildlife ,MassWildlife,https://www.mass.gov/orgs/division-of-fisheries-and-wildlife,"1 Rabbit Hill Road, Westborough, MA 01581"
136,Department of Early Education and Care ,EEC,https://www.mass.gov/orgs/department-of-early-education-and-care,"51 Sleeper St #4, Boston, MA 02210, United States"
137,Municipal Police Training Committee ,MPTC,https://www.mass.gov/orgs/municipal-police-training-committee,"6 Adams St., Randolph, MA 02368"
138,Workers‰Ûª Compensation Advisory Council ,WCAC,https://www.mass.gov/orgs/workers-compensation-advisory-council,"The Lafayette City Center, 2 Avenue de Lafayette, Boston, MA 02111-1750"
139,State Police Crime Laboratory,,https://www.mass.gov/orgs/massachusetts-state-police-crime-laboratory,"124 Acton St., Maynard, MA 01754"
140,Governor's Commission on Intellectual Disability,,https://www.mass.gov/gcid/,"1 Ashburton Place, Boston, MA 02108"
141,Southeastern Regional Planning and Economic Development District ,SRPEDD,http://www.srpedd.org/,"88 Broadway, Taunton, MA 02780, United States"
142,"Department of Public Safety, Massachusetts ",DPS,https://www.mass.gov/dps/,"1000 Washington St, Suite 710, Boston, MA 02118"
143,Highway Division,,http://www.massdot.state.ma.us/highway/Main.aspx,"10 Park Plaza, Boston, MA 02116"
144,Division of Standards ,DOS,https://www.mass.gov/orgs/division-of-standards,"One Ashburton Place, Room 1115, Boston, MA 02108"
145,Human Resources,,https://www.mass.gov/orgs/human-resources,"100 Cambridge Street, Suite 600, Boston, MA 02114"
146,Elections Division,,http://www.sec.state.ma.us/ele/eleidx.htm,"1 Ashburton Pl # 1705, Boston, MA 02108, United States"
147,Office of Emergency Medical Services ,OEMS,https://www.mass.gov/orgs/office-of-emergency-medical-services,"67 Forest St., Marlborough, MA 01752"
148,Division of Crop and Pest Services,,https://www.mass.gov/service-details/division-of-crop-and-pest-services,Address not found
149,Massachusetts Equipment Distribution Program ,MassEDP,https://www.mass.gov/massachusetts-equipment-distribution-program-massedp,Address not found
150,Joint Labor-Management Committee ,JLMC,https://www.mass.gov/joint-labor-management-committee-jlmc,"2502, 19 Staniford St 1st floor, Boston, MA 02114, United States"
151,Human Service Transportation Office ,HST,https://www.mass.gov/orgs/human-service-transportation-office,"100 Hancock Street, 6th Floor, Quincy, MA 02171"
152,Office of the Taxpayer Advocate,,https://www.mass.gov/service-details/dor-office-of-the-taxpayer-advocate,"135 High St, Hartford, CT 06103, United States"
153,Norfolk District Attorney,,https://www.mass.gov/da/norfolk/,"45 Shawmut Road, Canton, MA 02021"
154,Massachusetts State Lottery,,https://www.mass.gov/orgs/massachusetts-state-lottery,"150 Mount Vernon Street, Dorchester, MA 02125-3573"
155,Old Colony Planning Council ,OCPC,http://www.ocpcrpa.org/,"70 School St, Brockton, MA 02301, United States"
156,Supplier Diversity Office ,SDO,https://www.mass.gov/supplier-diversity-office,"1 Ashburton Pl #1017, Boston, MA 02108, United States"
157,Trial Court,,https://www.mass.gov/orgs/executive-office-of-the-trial-court,"1 Pemberton Sq., Boston, MA 02108"
158,Plymouth County Sheriff's Department,,http://www.pcsdma.org/,"22 Cottage St, Brockton, MA 02301, United States"
159,"Department of Elementary and Secondary Education, Massachusetts ",DESE,https://www.mass.gov/orgs/department-of-elementary-and-secondary-education,"75 Pleasant St., Malden, MA 02148"
160,Office of Jury Commissioner ,OJC,https://www.mass.gov/orgs/office-of-jury-commissioner,"560 Harrison Ave., Boston, MA 02118"
161,Massachusetts Economic Development & Finance Agency ,MassDevelopment,http://www.massdevelopment.com/,"99 High St, Boston, MA 02110, United States"
162,Soldiers Home in Holyoke,,https://www.mass.gov/hly/,"110 Cherry Street, Holyoke, MA 01040"
163,MassMobility,,https://www.mass.gov/orgs/massmobility,"100 Hancock Street, Quincy, MA 02171"
164,Division of Public Housing and Rental Assistance,,https://www.mass.gov/public-housing-assistance-programs,"100 Cambridge St #300, Boston, MA 02114, United States"
165,Essex District Attorney,,https://www.mass.gov/orgs/essex-district-attorneys-office,"10 Federal Street, 5th Floor, Salem, MA 01970"
166,Department of Labor Standards ,DLS,https://www.mass.gov/orgs/department-of-labor-standards,"2502, 19 Staniford St 1st floor, Boston, MA 02114, United States"
167,Massachusetts District Attorneys Association ,MDAA,https://www.mass.gov/orgs/massachusetts-district-attorney-association,"One Bulfinch Place, Suite 202, Boston, MA 02114"
168,Home Care Assistance Program ,HCAP,https://www.mass.gov/home-care-assistance-program-under-60,"20 Linden St, Allston, MA 02134, United States"
169,Massachusetts Governor's Council ,Executive Council,https://www.mass.gov/orgs/governors-council,"98 Westminster Ave, Watertown, MA 02472, United States"
170,Massachusetts Office of Health Equity,,https://www.mass.gov/orgs/office-of-health-equity,"250 Washington St., 5th Floor, Boston, MA 02108"
171,House of Representatives,,https://malegislature.gov/Legislators/House,"24 Beacon St, Boston, MA 02133, United States"
172,Department of Mental Health ,DMH,https://www.mass.gov/orgs/massachusetts-department-of-mental-health,"25 Staniford St., Boston, MA 02114"
173,Metropolitan Area Planning Council ,MAPC,http://www.mapc.org/,"60 Temple Pl, Boston, MA 02111, United States"
174,Massachusetts Service Alliance ,MSA,http://www.mass-service.org/,"100 N Washington St, Boston, MA 02114, United States"
175,Office of Technical Assistance and Technology ,OTA,https://www.mass.gov/orgs/office-of-technical-assistance-and-technology-ota,"100 Cambridge Street, Suite 900, Boston, MA 02114"
176,District Court Department,,https://www.mass.gov/orgs/district-court,"Edward W. Brooke Courthouse, 24 New Chardon St., 1st Floor, Boston, MA 02114"
177,Registry of Deeds Division,,http://www.sec.state.ma.us/rod/rodidx.htm,"208 Cambridge St #2nd, Cambridge, MA 02141, United States"
178,Department of Developmental Services ,DDS,https://www.mass.gov/orgs/department-of-developmental-services,"500 Harrison Avenue, Boston, MA 02118"
179,Office of the Chief Medical Examiner ,OCME,https://www.mass.gov/orgs/office-of-the-chief-medical-examiner,"720 Albany St., Boston , MA 02118"
180,Massachusetts Court System,,https://www.mass.gov/topics/judicial-branch-0,"24 New Chardon St, Boston, MA 02114, United States"
181,Department of Public Utilities ,DPU,https://www.mass.gov/orgs/department-of-public-utilities,"Department of Public Utilities, 1 South Station, 5th Floor, Boston, MA 02110"
182,Office of the Child Advocate ,OCA,https://www.mass.gov/orgs/office-of-the-child-advocate,"One Ashburton Place, 5th Floor, Boston, MA 02108"
183,Massachusetts State Athletic Commission ,MSAC,https://www.mass.gov/orgs/massachusetts-state-athletic-commission,"1000 Washington St, 7th Floor, Boston, MA 02118"
184,Essex County Sheriff's Department,,https://www.mass.gov/essexsheriff/,"20 Manning Ave, Middleton, MA 01949, United States"
185,Office of the Inspector General ,OIG,https://www.mass.gov/orgs/office-of-the-inspector-general,"One Ashburton Place, Room 1311, Boston, MA 02108"
186,Division of Local Services ,DLS,https://www.mass.gov/orgs/division-of-local-services,"100 Cambridge Street, 7th Floor, Boston, MA 02114"
187,Department of Veterans' Services ,DVS,https://www.mass.gov/orgs/department-of-veterans-services,"600 Washington Street, 7th Floor, Boston, MA 02111"
188,Department of Fish and Game ,DFG,https://www.mass.gov/orgs/department-of-fish-and-game,"251 Causeway St., #400, Boston, MA 02114"
189,Executive Office of Education ,EDU,https://www.mass.gov/orgs/executive-office-of-education-0,"McCormack Building, 1 Ashburton Pl #1403, Boston, MA 02108, United States"
190,Massachusetts Commission on Indian Affairs ,MCIA,https://www.mass.gov/service-details/indian-affairs,"100 Cambridge St #300, Boston, MA 02114, United States"
191,Division of Banks ,DOB,https://www.mass.gov/orgs/division-of-banks,"1000 Washington Street, 10th Floor, Boston, MA 02118-6400"
192,Massachusetts Relay Service ,MassRelay,https://www.mass.gov/massrelay,Address not found
193,Massachusetts Cultural Council ,MCC,http://www.massculturalcouncil.org/,"10 St James Ave # 302, Boston, MA 02116, United States"
194,Personal Care Attendant Workforce Council ,PCA,https://www.mass.gov/orgs/personal-care-attendant-quality-home-care-workforce-council,"1 Ashburton Place , 11th Floor, Boston, MA 02108"
195,Judicial Nominating Commission ,JNC,https://www.mass.gov/orgs/judicial-nominating-commission,"Judicial Nominating Commission, Office of the Governor, State House, Room 54, Boston, MA 02133"
196,Massachusetts Rehabilitation Commission ,MRC,https://www.mass.gov/mrc/,"600 Washington St., Boston, MA 02111"
197,Water Resources Commission ,WRC,https://www.mass.gov/orgs/water-resources-commission,"2636 Dixie Hwy, Waterford Twp, MI 48328, United States"
198,Massachusetts Office on Disability ,MOD,https://www.mass.gov/mod/,"Massachusetts Office on Disability, One Ashburton Place, Room 1305, Boston, MA 02108"
199,State Transportation Library,,https://www.mass.gov/state-transportation-library,"10 Park Plaza, Boston, MA 02116, United States"
200,Senate,,https://malegislature.gov/Legislators/Senate,"Massachusetts State House, 335, Boston, MA 02108, United States"
201,Massachusetts Water Pollution Abatement Trust ,MWPAT,https://www.mass.gov/doc/fy2013-mwpat-comprehensive-annual-financial-report-cafr/download,"3 Tremont St, Centre St # 430, Boston, MA 02108, United States"
202,Massachusetts Small Business Development Center Network ,MSBDC,http://www.msbdc.org/,"23 Tillson Farm Rd, Amherst, MA 01003, United States"
203,State Records Center,,http://www.sec.state.ma.us/rec/recidx.htm,"220 William T Morrissey Blvd, Dorchester, MA 02125, United States"
204,Executive Office of Elder Affairs ,EOEA,https://www.mass.gov/orgs/executive-office-of-elder-affairs,"One Ashburton Place, 5 floor, Boston, MA 02108"
205,Massachusetts Sheriffs' Association ,MSA,https://www.mass.gov/msa/,"132 Portland St., 2nd Floor, Boston, MA 02114"
206,Massachusetts Health Policy Commission ,HPC,https://www.mass.gov/orgs/massachusetts-health-policy-commission,"50 Milk Street, 8th Floor, Boston, MA 02109"
207,Worcester County District Attorney,,http://www.worcesterda.com/,"225 Main St # G301, Worcester, MA 01608, United States"
208,Massachusetts State College Building Authority ,MSCBA,http://www.mscba.org/,"253 Summer St #300, Boston, MA 02210, United States"
209,State Board of Retirement,,https://www.mass.gov/orgs/massachusetts-state-retirement-board,"One Winter Street, 8th Floor, Boston, MA 02108"
210,Office of Regional Planning,,https://www.mass.gov/service-details/planning-design-resource-protection,"88 Broadway, Taunton, MA 02780, United States"
211,Health Connector,,https://www.mahealthconnector.org/,"133 Portland St, Boston, MA 02114, United States"
212,Division of Prevention and Wellness,,https://www.mass.gov/orgs/bureau-of-community-health-and-prevention,"250 Washington St., Boston, MA 02108"
213,Highway Safety Division ,HSD,https://www.mass.gov/orgs/office-of-grants-and-research,"10 Park Plaza, Suite 3720, Boston, MA 02116"
214,Office of Fishing and Boating Access ,FBA,https://www.mass.gov/orgs/office-of-fishing-and-boating-access,"1 Rabbit Hill Rd., Westborough, MA 01581"
215,Executive Office of Technology Services and SecurityåÊ,EOTSS,https://www.mass.gov/orgs/executive-office-of-technology-services-and-security,"1 Ashburton Place, 8th Floor, Boston, MA 02108"
216,Parole Board,,https://www.mass.gov/orgs/parole-board,"12 Mercer Road, Natick, MA 01760"
217,State Retiree Benefits Trust Fund,,https://www.mass.gov/orgs/state-retiree-benefits-trust-fund,"One Ashburton Place, 12th Floor, Boston, MA 02108"
218,Massachusetts Office of Campaign and Political Finance ,OCPF,https://www.mass.gov/ocpf/,"1 Ashburton Pl # 411, Boston, MA 02108, United States"
219,Executive Office for Administration and Finance ,ANF,https://www.mass.gov/orgs/executive-office-for-administration-and-finance,"24 Beacon Street, State House, Room 373, Boston, MA 02133"
220,Regional Transit Authorities,,https://www.mass.gov/info-details/public-transportation-in-massachusetts,"115 Thorndike St, Lowell, MA 01852, United States"
221,Office for Refugees and Immigrants ,ORI,https://www.mass.gov/orgs/office-for-refugees-and-immigrants,"600 Washington Street, 4th floor, Boston, MA 02111"
222,Energy Facilities Siting Board ,Siting Board,https://www.mass.gov/orgs/energy-facilities-siting-board,"Department of Public Utilities, 1 South Station, 5th floor, Boston, MA 02110"
223,Massachusetts Emergency Management Agency ,MEMA,https://www.mass.gov/orgs/massachusetts-emergency-management-agency,"400 Worcester Road (Route 9 East), Framingham, MA 01702-5399"
224,Secretary of the Commonwealth ,Secretary of State,http://www.sec.state.ma.us/,"McCormack Building, One Ashburton Pl 17th floor, Boston, MA 02108, United States"
225,Securities Division,,http://www.sec.state.ma.us/sct/sctidx.htm,"1 Ashburton Pl # 17, Boston, MA 02108, United States"
226,Division of Capital Asset Management and Maintenance ,DCAMM,https://www.mass.gov/orgs/division-of-capital-asset-management-and-maintenance,"1 Ashburton Place, 15th Floor, Boston, MA 02108"
227,Massachusetts Clean Water Trust ,MCWT,https://www.mass.gov/orgs/massachusetts-clean-water-trust-mcwt,"1 Center Plaza, Suite 430, Boston, MA 02108"
228,Department of Criminal Justice Information Services ,DCJIS,https://www.mass.gov/orgs/department-of-criminal-justice-information-services-0,"200 Arlington St., Suite 2200, Chelsea, MA 02150"
229,Public Records Division,,http://www.sec.state.ma.us/pre/preidx.htm,"1 Ashburton Pl # 1719, Boston, MA 02108, United States"
230,Massachusetts Convention Center Authority ,MCCA,http://massconvention.com/,"415 Summer St, Boston, MA 02210, United States"
231,Sex Offender Registry Board ,SORB,https://www.mass.gov/orgs/sex-offender-registry-board,"P.O. Box 392, North Billerica, MA 01862"
232,Registry of Vital Records,,https://www.mass.gov/orgs/registry-of-vital-records-and-statistics,"150 Mount Vernon St., 1st Floor, Dorchester, MA 02125"